title,price,location
Lexus ES 350 2008 White,13800000,Apapa
Mercedes-Benz CLA-Class CLA 250 4MATIC Sedan 2014 White,22500000,Amuwo-Odofin
Toyota Camry 2015 Black,16850000,Ikeja
Toyota Tundra Double Cab 4x4 Limited 2011 Black,19800000,Durumi
Lexus RX 350 2018 White,57500000,Lekki
Lexus LX 570 2008 Black,10500000,Gwarinpa
Lexus ES 350 2012 Black,16000000,Amuwo-Odofin
Toyota Corolla LE 4dr Sedan (1.8L 4cyl 4A) 2012 Red,12800000,Ipaja
Toyota Highlander 2010 Black,18700000,Amuwo-Odofin
Toyota Avalon XLE 4dr Sedan (3.5L 6cyl 6A) 2015 Gold,20000000,Gwarinpa
Mercedes-Benz B-Class B200 Petrol 2008 Brown,6500000,Lugbe District
Mercedes-Benz GLE-Class GLE 350d 4MATIC 2017 White,49000000,Ajah
Mercedes-Benz GL-Class 2015 White,43000000,Apapa
Toyota Sienna LE FWD (3.3L V6 5A) 2004 Silver,5500000,Ajah
Toyota Yaris LE Hatchback 3dr 2016 Silver,13950000,Isolo
Toyota Camry LE 4dr Sedan (2.5L 4cyl 6AM) 2010 Red,11990000,Lekki
Toyota Camry 2008 Silver,7500000,Kubwa
Toyota Land Cruiser Prado 2.7 2021 Beige,86500000,Surulere
Mercedes-Benz M Class 2014 White,28500000,Jahi
Toyota Highlander Limited 4dr SUV AWD (3.5L 6cyl 6A) 2014 Black,17100000,Durumi
Toyota Highlander XLE 4x4 V6 (3.5L 6cyl 8A) 2017 Red,29500000,Apapa
Toyota Highlander Limited 2012 Gray,16500000,Amuwo-Odofin
Toyota Matrix 2006 Silver,9000000,Amuwo-Odofin
Toyota Corolla XLE (1.8L 4cyl 2A) 2018 Gray,24000000,Apapa
Lexus RX 350 2016 Black,41000000,Ajah
Toyota 4-Runner 2016 Gray,43000000,Apapa
Lexus RX 350 AWD 2012 Black,17800000,Ojodu
Lexus RX 2010 Red,15800000,Ikeja
Toyota Highlander 2017 White,38000000,Ikeja
Toyota Camry SE 4dr Sedan (2.4L 4cyl 5A) 2007 Gray,7500000,Ojota
Honda Crosstour 2014 Gray,14000000,Ikeja
Lexus RX 350 2013 Brown,28500000,Maryland
Toyota Corolla 2016 Gray,15999999,Jahi
Toyota RAV4 2019 Silver,36000000,Lekki
Toyota RAV4 2015 Black,20000000,Amuwo-Odofin
Toyota Camry 2.4 LE 2008 Blue,10500000,Amuwo-Odofin
Mercedes-Benz C43 2018 White,54000000,Gwarinpa
Toyota Tundra 2015 Red,38500000,Apapa
Toyota Tundra 1794 5.7L V8 w/FFV 4x4 CrewMax 5.6 ft. box 145.7 in. WB,45000000,Apapa
Ford Edge SE 4dr FWD (3.5L 6cyl 6A) 2011 Brown,8500000,Yaba
Mercedes-Benz C300 2015 Gray,18900000,Lekki
New Mercedes-Benz G-Class G 63 AMG 2023 Black,620000000,Lekki
Lexus GX 460 Base 2014 White,51500000,Surulere
Toyota RAV4 XLE AWD 2020 Gray,38000000,Mabushi
Lexus GX 460 Base 2020 Black,99500000,Lekki
Honda Accord 2020 Black,18700000,Central Business District
Toyota Camry 2015 Black,18500000,Apapa
Toyota 4-Runner 2001 Red,3550000,Enugu
Honda Civic EX 4dr Sedan 2000 Gold,2250000,Karu
Honda CR-V 2007 Silver,6800000,Ikeja
Toyota Highlander 2015 Gold,33000000,Apapa
Nissan Pathfinder SL 4x4 2013 Black,12000000,Gwarinpa
Lexus GX 470 Sport Utility 2007 Green,17500000,Apapa
Nissan Pathfinder 2005 Gray,9900000,Alimosho
Scion iA Base 2016 Black,9450000,Lugbe District
Mercedes-Benz GLE-Class GLE 400 4MATIC 2016 Black,47000000,Ikeja
Mercedes-Benz GLE-Class GLE 350 4MATIC 2020 Gray,120000000,Apapa
Acura MDX 2013 White,21500000,Ojodu
Mercedes-Benz GLE-Class GLE 350 2018 White,49000000,Alimosho
Toyota Camry SE 4dr Sedan (2.5L 4cyl 6A) 2013 Black,14500000,Gwarinpa
Lexus ES 350 FWD 2015 Gray,24500000,Ajah
Toyota RAV4 Limited 2022 Gray,41000000,Ikeja
Mercedes-Benz GLE-Class 2016 Blue,55500000,Magodo
Lexus RX 330 2006 Gold,11200000,Onitsha
Mercedes-Benz GLE53 2021 Black,159500000,Lekki
Lexus IS 250 2013 Black,15500000,Amuwo-Odofin
Lexus GX 460 Premium 2013 Black,35000000,Apapa
Toyota Corolla LE 2006 Green,9200000,Amuwo-Odofin
Toyota RAV4 2018 Black,33500000,Apapa
New Toyota Hilux 2023 White,68000000,Central Business District
Toyota Camry 2008 Red,10500000,Amuwo-Odofin
Honda Accord Automatic 2005 Silver,3650000,Ogba
Toyota Corolla Sedan 1998 Gold,3100000,Akure
Mercedes-Benz E350 2014,22000000,Jabi
Toyota Highlander XLE 4dr SUV (3.5L 6cyl 6A) 2015 Blue,28500000,Magodo
Hyundai Sonata SE 2021 Gray,37000000,Yaba
Hyundai Santa Fe Limited 4dr SUV (3.3L 6cyl 6A) 2014 Blue,18500000,Garki 2
Lexus RX 330 AWD 2006 Black,13000000,Apapa
Mazda CX-9 2010 Silver,5250000,Enugu
Toyota Camry 2013 White,15500000,Central Business District
Toyota Camry SE FWD 2020 Black,32850000,Ibadan
Toyota Corolla 2016 Silver,15500000,Ikeja
Toyota Corolla 1.8 2008 Black,6000000,Zaria
Toyota Venza AWD 2011 Gold,17500000,Apapa
Mercedes-Benz C300 2013 Black,15500000,Lekki
Toyota Corolla 2003 Silver,8850000,Surulere
Toyota Matrix 2003 Blue,4350000,Alimosho
Mercedes-Benz M Class 2015 Black,24500000,Apapa
Nissan Xterra Automatic 2005 Silver,3390000,Ifako-Ijaiye
Toyota RAV4 2007 Blue,6600000,Maryland
Land Rover Range Rover Velar R-Dynamic S 2023 Gray,120500000,Lekki
Lexus RX 350 2017 Black,58000000,Kaduna / Kaduna State
Mercedes-Benz M Class 2014 Gray,34000000,Apapa
Land Rover Range Rover Vogue 2014 Gold,42900000,Ikeja
Toyota Tundra 2014 Red,39000000,Ogba
Honda Civic EX 4dr Sedan 1998 Silver,2574000,Kaduna / Kaduna State
Toyota Corolla 1.8 LE 2008 Burgundy,5950000,Lekki
Mercedes-Benz M Class 2015 Black,29000000,Apapa
New Hyundai Accent 2022 Black,37000000,Garki 1
Toyota Camry 2010 Silver,7100000,Isolo
